lid,name,lat,lon,value,pe,ts,dur,obstime,zonenum,ffg,ratio,topperformer
NPOL1,North Pole,90.00,00.00,0.00,RR,ts,1001,00-00-0000 00:00:00/00-00-0000 00:00:00,NCZ000,100.00,0,None
DECT1,DECATUR,35.5222,-84.7964,0.85,PC,RG,0,Hourly 2018-05-31 17:00:00Z / Precip Acc 2018-05-31 19:00:00Z,1594274300000,1.88,45.2,MRMS * 1.25=0.85
LAAV2,LAFAYETTE SG/IFLOWS,37.236388888889,-80.209444444444,0.08,PP,RR,5,Hourly 2018-05-31 17:00:00Z / 05 Min 2018-05-31 19:45:00Z,9999,9999,9999,None
CLET1,CLEVELAND,35.183611111111,-84.821388888889,1.06,PC,RG,0,Hourly 2018-05-31 17:00:00Z / Precip Acc 2018-05-31 19:00:00Z,1595219249000,2.33,45.5,MRMS * 0.78=1.06
HOTN7,BARNARD,35.883333333333,-82.74,0.03,PC,RG,0,Hourly 2018-05-31 17:00:00Z / Precip Acc 2018-05-31 19:45:00Z,9999,9999,9999,None
TRAV2,TRAPPERS LODGE IFLOWS,37.989166666667,-79.802777777778,0.12,PP,RR,5,Hourly 2018-05-31 17:00:00Z / 05 Min 2018-05-31 19:50:00Z,9999,9999,9999,None
CKEN7,CHEROKEE 8 NE,35.570555555556,-83.242777777778,0.3,PC,RG,0,Hourly 2018-05-31 17:00:00Z / Precip Acc 2018-05-31 19:15:00Z,9999,9999,9999,None
CSBV2,CASSIDY BRIDGE IFLOWS,38.134722222222,-79.865277777778,0.08,PP,RR,1001,Hourly 2018-05-31 17:00:00Z / Hourly 2018-05-31 19:00:00Z,9999,9999,9999,None
COOT1,Cookeville,36.1069444444444,-85.5047222222222,0.72,PC,RG,0,Hourly 2018-05-31 17:00:00Z / Precip Acc 2018-05-31 19:00:00Z,9999,9999,9999,None
STWT1,STONEWALL,36.19,-85.904722222222,0.3,PC,RG,0,Hourly 2018-05-31 17:00:00Z / Precip Acc 2018-05-31 19:30:00Z,9999,9999,9999,None
GRTT1,Great Falls,35.808055555556,-85.633611111111,0.2,PC,RG,0,Hourly 2018-05-31 17:00:00Z / Precip Acc 2018-05-31 19:30:00Z,9999,9999,9999,None
LBYV2,LITTLE BRUSHY IFLOWS,36.988055555556,-81.475555555556,0.02,PP,RR,1001,Hourly 2018-05-31 17:00:00Z / Hourly 2018-05-31 19:00:00Z,9999,9999,9999,None
MRNV2,MARION TVA RG,36.8544444444444,-81.4819444444445,0.14,PC,RG,0,Hourly 2018-05-31 17:00:00Z / Precip Acc 2018-05-31 19:30:00Z,9999,9999,9999,None
ADNV2,ADNEY GAP IFLOWS,37.1125,-80.125,0.04,PP,RR,5,Hourly 2018-05-31 17:00:00Z / 05 Min 2018-05-31 19:55:00Z,9999,9999,9999,None
NRVV2,NRV AP IFLOWS,37.139166666667,-80.681388888889,0.12,PP,RR,1001,Hourly 2018-05-31 17:00:00Z / Hourly 2018-05-31 19:00:00Z,9999,9999,9999,None
BFMV2,BUFFALO MTN. IFLOWS,36.776944444444,-80.517222222222,0.48,PP,RR,5,Hourly 2018-05-31 17:00:00Z / 05 Min 2018-05-31 19:35:00Z,9999,9999,9999,None
CHOG1,Choestoe,34.8,-83.9,0.04,PC,RG,0,Hourly 2018-05-31 17:00:00Z / Precip Acc 2018-05-31 19:15:00Z,9999,9999,9999,None
CSQG1,SOQUE RIVER AT GA 197 NR CLARKSVILLE,34.618611111111,-83.528888888889,0.01,PC,RG,0,Hourly 2018-05-31 17:00:00Z / Precip Acc 2018-05-31 19:00:00Z,9999,9999,9999,None
LOGN7,2ND BROAD RVR NR LOGAN,35.404166666667,-81.872222222222,0.13,PC,RG,0,Hourly 2018-05-31 17:00:00Z / Precip Acc 2018-05-31 19:45:00Z,9999,9999,9999,None
NTYG1,Nottely Dam Automated Rain Gage,34.9608333333333,-84.0869444444444,0.64,PC,RG,0,Hourly 2018-05-31 17:00:00Z / Precip Acc 2018-05-31 19:15:00Z,9999,9999,9999,None
WAMV2,WARM SPRINGS MTN IFLOWS,37.871388888889,-79.888055555556,0.16,PP,RR,5,Hourly 2018-05-31 17:00:00Z / 05 Min 2018-05-31 19:40:00Z,9999,9999,9999,None
CLFT1,Clifton,35.372777777778,-87.983611111111,0.01,PC,RG,0,Hourly 2018-05-31 17:00:00Z / Precip Acc 2018-05-31 19:30:00Z,9999,9999,9999,None
RDFV2,RADFORD,37.141666666667,-80.569444444444,0.03,PC,RG,0,Hourly 2018-05-31 17:00:00Z / Precip Acc 2018-05-31 19:15:00Z,9999,9999,9999,None
DERT1,DEROSSETT,35.963055555556,-85.281388888889,0.03,PC,RG,0,Hourly 2018-05-31 17:00:00Z / Precip Acc 2018-05-31 19:15:00Z,9999,9999,9999,None
RDDT1,RODDY,35.765555555556,-84.7775,0.03,PC,RG,0,Hourly 2018-05-31 17:00:00Z / Precip Acc 2018-05-31 19:00:00Z,1586214170000,2.49,1.2,DPR * 0.75=0.03
WNRG1,Winder,34.045833333333,-83.711666666667,0.01,PC,RG,0,Hourly 2018-05-31 17:00:00Z / Precip Acc 2018-05-31 19:45:00Z,9999,9999,9999,None
GIFT1,Grotto Falls,35.6806,-83.4637,0.16,PP,RR,5,Hourly 2018-05-31 17:00:00Z / 05 Min 2018-05-31 19:55:00Z,1584264710000,2.08,7.7,MRMS * 0.59=0.16
STLT1,Statesville,36.018333333333,-86.120833333333,0.01,PC,RG,0,Hourly 2018-05-31 17:00:00Z / Precip Acc 2018-05-31 18:30:00Z,9999,9999,9999,None
CAVV2,CARVIN CREEK IFLOWS,37.3833333333333,-79.9466666666667,0.12,PP,RR,5,Hourly 2018-05-31 17:00:00Z / 05 Min 2018-05-31 19:30:00Z,9999,9999,9999,None
NRST1,NORRIS DAM,36.223888888889,-84.091666666667,0.01,PC,RG,0,Hourly 2018-05-31 17:00:00Z / Precip Acc 2018-05-31 19:45:00Z,1590211000000,2.6,0.4,DHR * 1.0=0.01
PKTN7,PUMPKINTOWN,35.252777777778,-83.245277777778,0.64,PP,RR,5,Hourly 2018-05-31 17:00:00Z / 05 Min 2018-05-31 19:55:00Z,9999,9999,9999,None
DISV2,DISMAL,37.247222,-80.854722,0.08,PP,RR,1001,Hourly 2018-05-31 17:00:00Z / Hourly 2018-05-31 19:00:00Z,9999,9999,9999,None
FQD,RUTHERFORD COUNTY AP,35.428333333333,-81.935,0.12,PP,RZ,1001,Hourly 2018-05-31 17:00:00Z / Hourly 2018-05-31 20:00:00Z,9999,9999,9999,None
LOZ,London,37.083333,-84.066667,0.09,PP,RZ,1001,Hourly 2018-05-31 17:00:00Z / Hourly 2018-05-31 20:00:00Z,9999,9999,9999,None
ANVN7,VALLEY RIVER AT ANDREWS,35.205833333333,-83.817777777778,0.16,PP,RR,5,Hourly 2018-05-31 17:00:00Z / 05 Min 2018-05-31 19:55:00Z,1595285900000,2.34,6.8,MRMS * 0.89=0.16
FALT1,FALL CREEK,35.6825,-85.308611111111,1.48,PC,RG,0,Hourly 2018-05-31 17:00:00Z / Precip Acc 2018-05-31 19:30:00Z,9999,9999,9999,None
IROV2,IRONTO IFLOWS,37.1661111111111,-80.3530555555556,0.47,PP,RR,5,Hourly 2018-05-31 17:00:00Z / 05 Min 2018-05-31 19:40:00Z,9999,9999,9999,None
ISOT1,ISOLINE,36.078055555556,-84.889444444444,0.01,PC,RG,0,Hourly 2018-05-31 17:00:00Z / Precip Acc 2018-05-31 19:00:00Z,9999,9999,9999,None
MBLN7,MARBLE,35.1883333333333,-83.9186111111111,0.1,PC,RG,0,Hourly 2018-05-31 17:00:00Z / Precip Acc 2018-05-31 19:15:00Z,1595284000000,2.16,4.6,MRMS * 0.19=0.1
DUNT1,Dunlap,35.3633,-85.3806,0.06,PC,RG,0,Hourly 2018-05-31 17:00:00Z / Precip Acc 2018-05-31 19:00:00Z,1597274100000,2.05,2.9,DPR * 0.33=0.06
HDSN7,HIGHLANDS DCP,35.070277777778,-83.216666666667,0.01,PC,RG,0,Hourly 2018-05-31 17:00:00Z / Precip Acc 2018-05-31 19:45:00Z,9999,9999,9999,None
MTRV2,MOUNT ROGERS,36.807778,-81.424444,0.04,PP,RR,1001,Hourly 2018-05-31 17:00:00Z / Hourly 2018-05-31 19:00:00Z,9999,9999,9999,None
SLAV2,SLATE MTN. IFLOWS,36.778333333333,-80.392222222222,0.12,PP,RR,1001,Hourly 2018-05-31 17:00:00Z / Hourly 2018-05-31 19:00:00Z,9999,9999,9999,None
CBYT1,COSBY,35.808888888889,-83.248333333333,0.04,PC,RG,0,Hourly 2018-05-31 17:00:00Z / Precip Acc 2018-05-31 19:30:00Z,1583225900000,2.17,1.8,DPR * 1.0=0.04
PIPW2,BLUESTONE R. AT PIPESTEM,37.543888888889,-81.010555555556,0.1,PC,RG,0,Hourly 2018-05-31 17:00:00Z / Precip Acc 2018-05-31 19:00:00Z,9999,9999,9999,None
GTTT1,GATLINBURG,35.713611,-83.5125,0.09,PC,RG,0,Hourly 2018-05-31 17:00:00Z / Precip Acc 2018-05-31 19:30:00Z,1584264710000,2.08,4.3,DHR * 1.0=0.09
FLDT1,Ft. Loudon Dam (Lenoir City 1E),35.7922222222222,-84.2455555555556,0.01,PC,RG,0,Hourly 2018-05-31 17:00:00Z / Precip Acc 2018-05-31 19:15:00Z,1586251410000,2.53,0.4,HPE * 1.0=0.01
SPST1,Springfield,36.5130555555556,-86.8622222222222,0.01,PC,RG,0,Hourly 2018-05-31 17:00:00Z / Precip Acc 2018-05-31 19:00:00Z,9999,9999,9999,None
TUNN7,TUNI CREEK NC,35.088055555556,-83.738888888889,0.04,PP,RR,5,Hourly 2018-05-31 17:00:00Z / 05 Min 2018-05-31 19:05:00Z,1595294300000,2.48,1.6,DHR * 1.0=0.04
CTHG1,CHATTAHOOCHEE RIVER NR LEAF,34.576944444444,-83.635833333333,0.92,PC,RG,0,Hourly 2018-05-31 17:00:00Z / Precip Acc 2018-05-31 18:45:00Z,9999,9999,9999,None
POTV2,POTTS MTN. IFLOWS,37.536111111111,-80.230277777778,0.04,PP,RR,1001,Hourly 2018-05-31 17:00:00Z / Hourly 2018-05-31 19:00:00Z,9999,9999,9999,None
WITV2,WITT'S ORCHARD,37.173889,-80.122222,0.52,PP,RR,5,Hourly 2018-05-31 17:00:00Z / 05 Min 2018-05-31 19:55:00Z,9999,9999,9999,None
BNHV2,BEN HUR,36.7205555555556,-83.1008333333333,0.08,PP,RR,1001,Hourly 2018-05-31 17:00:00Z / Hourly 2018-05-31 19:00:00Z,1591284000000,1.65,4.8,None
HKY,HICKORY REGIONAL AP,35.741111111111,-81.389444444444,0.58,PP,RZ,1001,Hourly 2018-05-31 17:00:00Z / Hourly 2018-05-31 20:00:00Z,9999,9999,9999,None
WLLV2,WILLIS DCP,36.86,-80.48,0.09,PC,RG,0,Hourly 2018-05-31 17:00:00Z / Precip Acc 2018-05-31 19:45:00Z,9999,9999,9999,None
ALRW2,ALDERSON IFLOWS,37.727777777778,-80.646666666667,0.16,PP,RR,1001,Hourly 2018-05-31 17:00:00Z / Hourly 2018-05-31 19:00:00Z,9999,9999,9999,None
CFKT1,CLEAR FORK NR ROBBINS 3NW,36.388888888889,-84.630277777778,0.24,PC,RG,0,Hourly 2018-05-31 17:00:00Z / Precip Acc 2018-05-31 19:30:00Z,1557263100000,1.85,13.0,DHR * 1.0=0.24
MPYN7,MURPHY,35.077777777778,-84.028333333333,0.93,PC,RG,0,Hourly 2018-05-31 17:00:00Z / Precip Acc 2018-05-31 19:00:00Z,1595291100000,2.4,38.8,MRMS * 1.0=0.93
BALW2,BALLARD IFLOWS,37.475,-80.7616666666667,0.36,PP,RR,1001,Hourly 2018-05-31 17:00:00Z / Hourly 2018-05-31 19:00:00Z,9999,9999,9999,None
IHBN7,HOG BACK,35.161944444444,-83.003888888889,0.04,PP,RR,5,Hourly 2018-05-31 17:00:00Z / 05 Min 2018-05-31 19:45:00Z,9999,9999,9999,None
NBOV2,NEBO IFLOWS,36.9008333333333,-81.425,0.08,PP,RR,1001,Hourly 2018-05-31 17:00:00Z / Hourly 2018-05-31 19:00:00Z,9999,9999,9999,None
ELLN7,ELLENDALE 3 NE,35.945555555556,-81.236944444444,0.58,PC,RG,0,Hourly 2018-05-31 17:00:00Z / Precip Acc 2018-05-31 19:30:00Z,9999,9999,9999,None
BCB,VA TECH AIRPORT,37.2075,-80.408333333333,0.22,PP,RZ,1001,Hourly 2018-05-31 17:00:00Z / Hourly 2018-05-31 20:00:00Z,9999,9999,9999,None
PKVT1,PIKEVILLE,35.608888888889,-85.193888888889,1.77,PC,RG,0,Hourly 2018-05-31 17:00:00Z / Precip Acc 2018-05-31 19:00:00Z,1597297500000,1.1,160.9,MRMS * 0.92=1.77
MBHV2,MOUNTAIN LAKE BIO IFLOWS,37.375555555556,-80.524722222222,0.04,PP,RR,1001,Hourly 2018-05-31 17:00:00Z / Hourly 2018-05-31 19:00:00Z,9999,9999,9999,None
SLMN7,SUGARLOAF MTN,35.406666666667,-82.268333333333,0.32,PP,RR,5,Hourly 2018-05-31 17:00:00Z / 05 Min 2018-05-31 19:55:00Z,9999,9999,9999,None
ETOT1,ETOWAH,35.33,-84.520833333333,0.21,PC,RG,0,Hourly 2018-05-31 17:00:00Z / Precip Acc 2018-05-31 19:00:00Z,1595252310000,2.18,9.6,HPE * 1.11=0.21
MATW2,MATAOKA IFLOWS,37.41,-81.248333333333,0.04,PP,RR,1001,Hourly 2018-05-31 17:00:00Z / Hourly 2018-05-31 19:00:00Z,9999,9999,9999,None
SERN7,SPEAR,36.024166666667,-82.021666666667,0.12,PP,RR,5,Hourly 2018-05-31 17:00:00Z / 05 Min 2018-05-31 19:30:00Z,9999,9999,9999,None
SUPW2,WHITE SULFUR SPGS DCP,37.798333,-80.478333,0.26,PC,RG,0,Hourly 2018-05-31 17:00:00Z / Precip Acc 2018-05-31 19:45:00Z,9999,9999,9999,None
LFTT1,Lafayette,36.5208333333333,-86.0261111111111,0.51,PC,RG,0,Hourly 2018-05-31 17:00:00Z / Precip Acc 2018-05-31 19:30:00Z,9999,9999,9999,None
BGLT1,BIG LICK,35.817222222222,-85.036111111111,0.01,PC,RG,0,Hourly 2018-05-31 17:00:00Z / Precip Acc 2018-05-31 19:00:00Z,9999,9999,9999,None
LBST1,Lebanon,36.183333333333,-86.2375,0.01,PC,RG,0,Hourly 2018-05-31 17:00:00Z / Precip Acc 2018-05-31 19:30:00Z,9999,9999,9999,None
LWB,LEWISBURG AWOS,37.858333333333,-80.399722222222,0.01,PP,RZ,1001,Hourly 2018-05-31 17:00:00Z / Hourly 2018-05-31 20:00:00Z,9999,9999,9999,None
EMGT1,ELLIS MILLS,36.310833333333,-87.554166666667,0.01,PC,RG,0,Hourly 2018-05-31 17:00:00Z / Precip Acc 2018-05-31 19:00:00Z,9999,9999,9999,None
CHSV2,CHESTNUT KNOB IFLOWS,36.6219444444444,-79.9102777777778,0.04,PP,RR,1001,Hourly 2018-05-31 17:00:00Z / Hourly 2018-05-31 19:00:00Z,9999,9999,9999,None
CEHT1,CENTER HILL DAM,36.0975,-85.827222222222,0.02,PC,RG,0,Hourly 2018-05-31 17:00:00Z / Precip Acc 2018-05-31 19:30:00Z,9999,9999,9999,None
PKST1,PARKSVILLE,35.095,-84.649166666667,0.55,PC,RG,0,Hourly 2018-05-31 17:00:00Z / Precip Acc 2018-05-31 19:30:00Z,1596211390000,2.4,22.9,DPR * 2.29=0.55
CPRT1,COPPERHILL TN,35.003888888889,-84.386944444444,0.01,PC,RG,0,Hourly 2018-05-31 17:00:00Z / Precip Acc 2018-05-31 19:30:00Z,1596219100000,2.55,0.4,DPR * 0.33=0.01
CHTT1,CHARLESTON,35.281666666667,-84.773055555556,0.36,PC,RG,0,Hourly 2018-05-31 17:00:00Z / Precip Acc 2018-05-31 19:30:00Z,1595217100000,2.14,16.8,DHR * 0.92=0.36
EFLN7,TUXEDO HYDRO STATION,35.245833333333,-82.389166666667,0.52,PP,RZ,1001,Hourly 2018-05-31 17:00:00Z / Hourly 2018-05-31 18:00:00Z,9999,9999,9999,None
WLGN7,WALLACE GAP,35.1,-83.55,0.01,PC,RG,0,Hourly 2018-05-31 17:00:00Z / Precip Acc 2018-05-31 19:45:00Z,9999,9999,9999,None
GEOT1,GEORGETOWN,35.3,-84.95,0.8,PC,RG,0,Hourly 2018-05-31 17:00:00Z / Precip Acc 2018-05-31 19:30:00Z,1595211421000,2.16,37.0,MRMS * 1.86=0.8
DWSG1,Dawsonville,34.357777777778,-84.113611111111,0.01,PC,RG,0,Hourly 2018-05-31 17:00:00Z / Precip Acc 2018-05-31 19:00:00Z,9999,9999,9999,None
WBOT1,Watts Bar Dam,35.6166666666667,-84.7833333333333,0.25,PC,RG,0,Hourly 2018-05-31 17:00:00Z / Precip Acc 2018-05-31 19:15:00Z,1594293000000,1.98,12.6,DHR * 1.0=0.25
DYNT1,DAYTON,35.496666666667,-85.016111111111,1.28,PC,RG,0,Hourly 2018-05-31 17:00:00Z / Precip Acc 2018-05-31 19:00:00Z,1594272210000,1.46,87.7,MRMS * 1.0=1.28
CTHT1,Carthage,36.248055555556,-85.955277777778,0.2,PC,RG,0,Hourly 2018-05-31 17:00:00Z / Precip Acc 2018-05-31 19:00:00Z,9999,9999,9999,None
CCVT1,CADES COVE,35.603888888889,-83.782777777778,0.22,PC,RG,0,Hourly 2018-05-31 17:00:00Z / Precip Acc 2018-05-31 19:00:00Z,1589269900000,2.12,10.4,DPR * 1.05=0.22
BONN7,BOONE RG (TVA),36.1963888888889,-81.67,0.02,PC,RG,0,Hourly 2018-05-31 17:00:00Z / Precip Acc 2018-05-31 19:15:00Z,9999,9999,9999,None
FYGV2,FANCY GAP IFLOWS,36.668055555556,-80.691388888889,0.04,PP,RR,5,Hourly 2018-05-31 17:00:00Z / 05 Min 2018-05-31 19:15:00Z,9999,9999,9999,None
COHT1,CORDELL HULL HEADWATER,36.291666666667,-85.938888888889,0.04,PC,RG,0,Hourly 2018-05-31 17:00:00Z / Precip Acc 2018-05-31 19:00:00Z,9999,9999,9999,None
FONN7,FONTANA,35.450277777778,-83.805277777778,0.22,PC,RG,0,Hourly 2018-05-31 17:00:00Z / Precip Acc 2018-05-31 19:30:00Z,9999,9999,9999,None
WAVN7,WAYNESVILLE 4 S,35.426388888889,-83.010277777778,0.02,PC,RG,0,Hourly 2018-05-31 17:00:00Z / Precip Acc 2018-05-31 19:45:00Z,9999,9999,9999,None
CSVT1,Crossville NCDC CRN Site,36.013888888889,-85.134444444444,0.02,PP,RG,5,Hourly 2018-05-31 17:00:00Z / 05 Min 2018-05-31 18:10:00Z,9999,9999,9999,None
ALPT1,Alpine,36.396944444444,-85.174444444444,0.01,PC,RG,0,Hourly 2018-05-31 17:00:00Z / Precip Acc 2018-05-31 19:15:00Z,9999,9999,9999,None
BPGT1,Bethpage,36.486111111111,-86.310277777778,0.01,PC,RG,0,Hourly 2018-05-31 17:00:00Z / Precip Acc 2018-05-31 19:30:00Z,9999,9999,9999,None
HIWN7,HIWASSEE DAM,35.150797,-84.178608,0.6,PC,RG,0,Hourly 2018-05-31 17:00:00Z / Precip Acc 2018-05-31 19:30:00Z,1595257900000,2.38,25.2,HPE * 0.71=0.6
CEPN7,E FK PIGEON RVR,35.461666666667,-82.870277777778,0.32,PP,RR,5,Hourly 2018-05-31 17:00:00Z / 05 Min 2018-05-31 19:50:00Z,9999,9999,9999,None
CMTN7,CHRISTMOUNT RAIN,35.591388888889,-82.291111111111,0.08,PP,RR,1001,Hourly 2018-05-31 17:00:00Z / Hourly 2018-05-31 19:00:00Z,9999,9999,9999,None
EGMN7,EDGEMONT,36.01,-81.7675,0.24,PP,RR,5,Hourly 2018-05-31 17:00:00Z / 05 Min 2018-05-31 19:50:00Z,9999,9999,9999,None
TFLG1,TALLULAH FALLS PWR HOUSE,34.731944444444,-83.375833333333,0.07,PC,RG,0,Hourly 2018-05-31 17:00:00Z / Precip Acc 2018-05-31 19:45:00Z,9999,9999,9999,None
JKL,Jackson,37.6,-83.3166666666667,0.21,PP,RZ,1001,Hourly 2018-05-31 17:00:00Z / Hourly 2018-05-31 20:00:00Z,9999,9999,9999,None
TURT1,TURTLETOWN,35.1825,-84.438333333333,0.01,PC,RG,0,Hourly 2018-05-31 17:00:00Z / Precip Acc 2018-05-31 19:00:00Z,1595255510000,2.4,0.4,DPR * 0.17=0.01
HDCG1,Helen,34.700833333333,-83.729444444444,0.14,PC,RG,0,Hourly 2018-05-31 17:00:00Z / Precip Acc 2018-05-31 19:00:00Z,9999,9999,9999,None
TLPT1,TELLICO PLAINS,35.384444444444,-84.323333333333,0.03,PC,RG,0,Hourly 2018-05-31 17:00:00Z / Precip Acc 2018-05-31 19:00:00Z,1589225890000,2.36,1.3,HPE * 1.5=0.03
CLUG1,Carsonville Hwy. 19,32.721388888889,-84.2325,0.01,PC,RG,0,Hourly 2018-05-31 17:00:00Z / Precip Acc 2018-05-31 19:45:00Z,9999,9999,9999,None
DCNG1,Cornelia,34.540833333333,-83.622777777778,0.53,PC,RG,0,Hourly 2018-05-31 17:00:00Z / Precip Acc 2018-05-31 19:45:00Z,9999,9999,9999,None
HSP,INGALLS FIELD AIRPORT,37.9513888888889,-79.8341666666667,0.04,PP,RZ,1001,Hourly 2018-05-31 17:00:00Z / Hourly 2018-05-31 20:00:00Z,9999,9999,9999,None
BTDN7,BEETREE DAM,35.6425,-82.399722222222,0.08,PC,RG,0,Hourly 2018-05-31 17:00:00Z / Precip Acc 2018-05-31 19:45:00Z,9999,9999,9999,None
SLLT1,RED BOILING SPRINGS,36.552222222222,-85.857222222222,0.06,PC,RG,0,Hourly 2018-05-31 17:00:00Z / Precip Acc 2018-05-31 19:45:00Z,9999,9999,9999,None
BBKT1,BURBANK TN,36.148333333333,-82.101388888889,0.03,PC,RG,0,Hourly 2018-05-31 17:00:00Z / Precip Acc 2018-05-31 19:45:00Z,1580229500000,2.4,1.3,MRMS * 3.0=0.03
HWEG1,Hiawassee,34.883888888889,-83.721666666667,0.16,PC,RG,0,Hourly 2018-05-31 17:00:00Z / Precip Acc 2018-05-31 19:45:00Z,9999,9999,9999,None
PTBT1,Petersburg,35.3266666666667,-86.6538888888889,0.01,PC,RG,0,Hourly 2018-05-31 17:00:00Z / Precip Acc 2018-05-31 19:30:00Z,9999,9999,9999,None
IGPV2,Wise,37.0166666666667,-82.6,0.12,PP,RR,5,Hourly 2018-05-31 17:00:00Z / 05 Min 2018-05-31 19:45:00Z,1590268000000,1.69,7.1,None
AVL,ASHEVILLE REG AP,35.431944444444,-82.5375,0.13,PP,RZ,1001,Hourly 2018-05-31 17:00:00Z / Hourly 2018-05-31 20:00:00Z,9999,9999,9999,None
RBWT1,BRENTWOOD,36.041944444444,-86.875277777778,0.05,PP,RZ,1001,Hourly 2018-05-31 17:00:00Z / Hourly 2018-05-31 17:00:00Z,9999,9999,9999,None
CTNN7,CANTON,35.548333333333,-82.828888888889,0.01,PC,RG,0,Hourly 2018-05-31 17:00:00Z / Precip Acc 2018-05-31 19:45:00Z,9999,9999,9999,None
SMFV2,MF HOLSTON R. AT SEVEN MILE FORD IFLW/USGS,36.807222222222,-81.622222222222,0.24,PP,RR,1001,Hourly 2018-05-31 17:00:00Z / Hourly 2018-05-31 19:00:00Z,9999,9999,9999,None
AVLN7,ASHEVILLE,35.609166666667,-82.578611111111,0.01,PC,RG,0,Hourly 2018-05-31 17:00:00Z / Precip Acc 2018-05-31 19:00:00Z,9999,9999,9999,None
UNVT1,Unionville,35.6211111111111,-86.5863888888889,0.01,PC,RG,0,Hourly 2018-05-31 17:00:00Z / Precip Acc 2018-05-31 19:15:00Z,9999,9999,9999,None
PATN7,PATTERSON DCP,35.991388888889,-81.558333333333,0.03,PC,RG,0,Hourly 2018-05-31 17:00:00Z / Precip Acc 2018-05-31 18:45:00Z,9999,9999,9999,None
GVST1,TEMPERANCE HALL,36.086944444444,-85.907222222222,0.01,PC,RG,0,Hourly 2018-05-31 17:00:00Z / Precip Acc 2018-05-31 19:00:00Z,9999,9999,9999,None
STMN7,STRATTON MEADOWS,35.341944444444,-84.029444444444,1.36,PC,RG,0,Hourly 2018-05-31 17:00:00Z / Precip Acc 2018-05-31 19:30:00Z,9999,9999,9999,None
NRKV2,NORTH FORK IFLOWS,37.454722222222,-80.528611111111,0.08,PP,RR,5,Hourly 2018-05-31 17:00:00Z / 05 Min 2018-05-31 19:45:00Z,9999,9999,9999,None
EKVN7,ELK CREEK DCP,36.0711111111111,-81.4036111111111,0.33,PC,RG,0,Hourly 2018-05-31 17:00:00Z / Precip Acc 2018-05-31 18:45:00Z,9999,9999,9999,None
MOOV2,GATHRIGHT DAM DCP,37.9494444444445,-79.9594444444444,0.14,PC,RG,0,Hourly 2018-05-31 17:00:00Z / Precip Acc 2018-05-31 19:30:00Z,9999,9999,9999,None
SGWN7,WATAUGA R. NR SUGAR GROVE,36.239166666667,-81.822222222222,0.02,PC,RG,0,Hourly 2018-05-31 17:00:00Z / Precip Acc 2018-05-31 19:30:00Z,9999,9999,9999,None
NFGT1,Newfound Gap TN,35.610833333333,-83.428888888889,0.08,PC,RG,0,Hourly 2018-05-31 17:00:00Z / Precip Acc 2018-05-31 19:00:00Z,1584264990000,2.1,3.8,MRMS * 0.57=0.08
GLDV2,GLADESBORO IFLOWS,36.672222222222,-80.616111111111,0.75,PP,RR,5,Hourly 2018-05-31 17:00:00Z / 05 Min 2018-05-31 19:20:00Z,9999,9999,9999,None
WLFN7,WOLF MOUNTAIN,35.0352777777778,-84.2836111111111,1.07,PP,RR,5,Hourly 2018-05-31 17:00:00Z / 05 Min 2018-05-31 19:50:00Z,1596234900000,2.4,44.6,HPE * 0.93=1.07
GGRT1,GREAT FALLS DAM,35.806944444444,-85.636111111111,0.13,PC,RG,0,Hourly 2018-05-31 17:00:00Z / Precip Acc 2018-05-31 19:15:00Z,9999,9999,9999,None
WTMV2,WHITETOP MOUNTAIN VA,36.633333333333,-81.6,0.04,PP,RR,1001,Hourly 2018-05-31 17:00:00Z / Hourly 2018-05-31 19:00:00Z,1489284800000,2.2,1.8,None
MABW2,MEADOW BLUFF IFLOWS,37.909444444444,-80.667777777778,0.04,PP,RR,1001,Hourly 2018-05-31 17:00:00Z / Hourly 2018-05-31 19:00:00Z,9999,9999,9999,None
RKGW2,RUCKER GAP IFLOWS,37.941944444444,-80.075277777778,0.08,PP,RR,5,Hourly 2018-05-31 17:00:00Z / 05 Min 2018-05-31 19:25:00Z,9999,9999,9999,None
GTFT1,Grotto Falls TN,35.693888888889,-83.466666666667,0.39,PP,RR,1001,Hourly 2018-05-31 17:00:00Z / Hourly 2018-05-31 18:00:00Z,1584264710000,2.08,18.8,MRMS * 1.44=0.39
CIRV2,CIRCLE M IFLOWS,36.713611111111,-80.334166666667,0.16,PP,RR,5,Hourly 2018-05-31 17:00:00Z / 05 Min 2018-05-31 19:00:00Z,9999,9999,9999,None
BUTV2,BUTT MTN IFLOWS,37.3691666666667,-80.6230555555556,0.04,PP,RR,1001,Hourly 2018-05-31 17:00:00Z / Hourly 2018-05-31 19:00:00Z,9999,9999,9999,None
RBDS1,RICHARD B RUSSELL LAKE NR CALHOUN FALLS SC,34.101111111111,-82.618055555556,0.01,PC,RG,0,Hourly 2018-05-31 17:00:00Z / Precip Acc 2018-05-31 19:00:00Z,9999,9999,9999,None
BRDG1,Blue Ridge Dam,34.880833333333,-84.281944444444,0.2,PC,RG,0,Hourly 2018-05-31 17:00:00Z / Precip Acc 2018-05-31 19:30:00Z,9999,9999,9999,None
DLPV2,DUNLAP CREEK DCP,37.8027777777778,-80.0469444444444,0.01,PC,RG,0,Hourly 2018-05-31 17:00:00Z / Precip Acc 2018-05-31 19:30:00Z,9999,9999,9999,None
NERN7,MF NEW RIVER IFLOWS SG,36.2044444444444,-81.6494444444444,0.02,PP,RR,1001,Hourly 2018-05-31 17:00:00Z / Hourly 2018-05-31 18:00:00Z,9999,9999,9999,None
EGRW2,EGERIA IFLOWS,37.5422222222222,-81.1994444444444,0.04,PP,RR,1001,Hourly 2018-05-31 17:00:00Z / Hourly 2018-05-31 19:00:00Z,9999,9999,9999,None
MNYT1,Monterey,36.1425,-85.270833333333,0.14,PC,RG,0,Hourly 2018-05-31 17:00:00Z / Precip Acc 2018-05-31 18:30:00Z,9999,9999,9999,None
AHNT1,ATHENS,35.467777777778,-84.585555555556,0.29,PC,RG,0,Hourly 2018-05-31 17:00:00Z / Precip Acc 2018-05-31 19:00:00Z,1595218790000,2.05,14.1,MRMS * 0.23=0.29
MHLN7,MARSHALL 5 S,35.723333333333,-82.66,0.29,PC,RG,0,Hourly 2018-05-31 17:00:00Z / Precip Acc 2018-05-31 19:15:00Z,9999,9999,9999,None
FNKN7,FRANKLIN DCP,35.2,-83.380277777778,0.41,PC,RG,0,Hourly 2018-05-31 17:00:00Z / Precip Acc 2018-05-31 18:45:00Z,9999,9999,9999,None
MQY,SMYRNA,36.008888888889,-86.52,0.01,PP,RZ,1001,Hourly 2018-05-31 17:00:00Z / Hourly 2018-05-31 20:00:00Z,9999,9999,9999,None
BLF,BLUEFIELD FAA AIRPOR,37.3,-81.216667,0.05,PP,RZ,1001,Hourly 2018-05-31 17:00:00Z / Hourly 2018-05-31 20:00:00Z,9999,9999,9999,None
SOPS1,SOUTHSIDE PARK,34.742222222222,-82.302777777778,0.01,PP,RZ,5,05 Min 2018-05-31 17:00:00Z / 05 Min 2018-05-31 19:40:00Z,9999,9999,9999,None
CEHG1,Centralhatchee,33.3919444444444,-85.1136111111111,0.04,PC,RG,0,Precip Acc 2018-05-31 17:00:00Z / Precip Acc 2018-05-31 19:45:00Z,9999,9999,9999,None
BYNG1,Byron,32.691944444444,-83.701111111111,0.09,PC,RG,0,Precip Acc 2018-05-31 17:00:00Z / Precip Acc 2018-05-31 19:15:00Z,9999,9999,9999,None
RKMG1,Rockmart,33.998611111111,-85.0525,0.07,PC,RG,0,Precip Acc 2018-05-31 17:00:00Z / Precip Acc 2018-05-31 19:30:00Z,9999,9999,9999,None
RFDG1,Rocky Ford,32.9822222222222,-81.8408333333333,0.01,PC,RG,0,Hourly 2018-05-31 18:00:00Z / Precip Acc 2018-05-31 19:00:00Z,9999,9999,9999,None
IWTG1,Irwinton,32.766388888889,-83.168055555556,0.01,PC,RG,0,Precip Acc 2018-05-31 17:00:00Z / Precip Acc 2018-05-31 19:30:00Z,9999,9999,9999,None
HLCG1,Northeast Canton,34.265,-84.473888888889,0.01,PC,RG,0,Precip Acc 2018-05-31 17:00:00Z / Precip Acc 2018-05-31 19:00:00Z,9999,9999,9999,None
DFYG1,Dames Ferry,33.016666666667,-83.727222222222,0.06,PC,RG,0,Precip Acc 2018-05-31 17:00:00Z / Precip Acc 2018-05-31 19:00:00Z,9999,9999,9999,None
CCFG1,Flintstone,34.9572,-85.3344,0.01,PC,RG,0,Precip Acc 2018-05-31 17:00:00Z / Precip Acc 2018-05-31 19:30:00Z,9999,9999,9999,None
BWNG1,Bowden,33.492777777778,-85.279166666667,0.57,PC,RG,0,Precip Acc 2018-05-31 17:00:00Z / Precip Acc 2018-05-31 19:00:00Z,9999,9999,9999,None
SNKG1,Whitesburg,33.529444444444,-84.928333333333,0.01,PC,RG,0,Precip Acc 2018-05-31 17:00:00Z / Precip Acc 2018-05-31 19:45:00Z,9999,9999,9999,None
CHIG1,Chickamauga,34.865833333333,-85.288888888889,0.02,PC,RG,0,Precip Acc 2018-05-31 17:00:00Z / Precip Acc 2018-05-31 19:15:00Z,9999,9999,9999,None
TOPN7,WAYAH RAWS,35.166666666667,-83.403055555556,1.0,PC,RG,0,Hourly 2018-05-31 17:05:00Z / Precip Acc 2018-05-31 19:05:00Z,9999,9999,9999,None
BLDT1,BLEDSOE STATE FOREST,35.681944444444,-85.273333333333,0.77,PC,RG,0,Hourly 2018-05-31 17:05:00Z / Precip Acc 2018-05-31 19:05:00Z,1561296450000,2.22,34.7,DPR * 0.87=0.77
CHON7,CHEOAH RAWS,35.333333333333,-83.816666666667,0.07,PC,RG,0,Hourly 2018-05-31 17:05:00Z / Precip Acc 2018-05-31 19:05:00Z,9999,9999,9999,None
TSQN7,Tusquitee RAWS Murphy,35.0747,-84.1267,0.86,PC,RG,0,Hourly 2018-05-31 17:05:00Z / Precip Acc 2018-05-31 19:05:00Z,1595259410000,2.44,35.2,MRMS * 0.7=0.86
CSFT1,CHUCK SWAN STATE FOREST,36.368888888889,-83.898611111111,0.01,PC,RG,0,Hourly 2018-05-31 17:05:00Z / Precip Acc 2018-05-31 19:05:00Z,1591219000000,2.89,0.3,None
BOCT1,Benton,35.1558,-84.5947,0.04,PC,RG,0,Hourly 2018-05-31 17:05:00Z / Precip Acc 2018-05-31 19:05:00Z,1596212500000,2.31,1.7,DHR * 0.4=0.04
GDCN7,GRANDFATHER RAWS,35.756388888889,-82.043888888889,0.01,PC,RG,0,Hourly 2018-05-31 17:05:00Z / Precip Acc 2018-05-31 19:05:00Z,9999,9999,9999,None
CHGG1,CHATTOOGA #1 RAWS,34.640277777778,-83.521944444444,0.19,PC,RG,0,Hourly 2018-05-31 17:06:00Z / Precip Acc 2018-05-31 19:06:00Z,9999,9999,9999,None
LFFT1,LAYFAYETTE RAWS SITE,36.541111111111,-86.002777777778,0.15,PC,RG,0,Hourly 2018-05-31 17:06:00Z / Precip Acc 2018-05-31 19:06:00Z,9999,9999,9999,None
WLHS1,ANDREW PICKENS RAWS,34.811666666667,-83.125,0.09,PC,RG,0,Hourly 2018-05-31 17:06:00Z / Precip Acc 2018-05-31 19:06:00Z,9999,9999,9999,None
BURT1,BURNS RAWS,36.065,-87.283055555556,0.11,PC,RG,0,Hourly 2018-05-31 17:06:00Z / Precip Acc 2018-05-31 19:06:00Z,9999,9999,9999,None
BRSG1,Helen 7N,34.802777777778,-83.71,0.02,PC,RG,0,Hourly 2018-05-31 17:06:00Z / Precip Acc 2018-05-31 19:06:00Z,9999,9999,9999,None
CGVV2,CRAIG VALLEY RAWS NR. NEW CASTLE 2 NE,37.522222222222,-80.079722222222,0.02,PC,RG,0,Hourly 2018-05-31 17:07:00Z / Precip Acc 2018-05-31 19:07:00Z,9999,9999,9999,None
RVZN7,RENDEZVOUS MTN RAWS SITE,36.2275,-81.2975,0.4,PC,RG,0,Hourly 2018-05-31 17:10:00Z / Precip Acc 2018-05-31 19:10:00Z,9999,9999,9999,None
CUWN7,JACKSON CO RAWS,35.316666666667,-83.2,1.08,PC,RG,0,Hourly 2018-05-31 17:10:00Z / Precip Acc 2018-05-31 19:10:00Z,9999,9999,9999,None
NCVN7,NORTH COVE PINNACLE RAWS,35.816666666667,-81.937222222222,0.16,PC,RG,0,Hourly 2018-05-31 17:16:00Z / Precip Acc 2018-05-31 19:16:00Z,9999,9999,9999,None
PIRW2,PIPESTEM RAWS,37.526388888889,-80.999166666667,0.15,PC,RG,0,Hourly 2018-05-31 17:17:00Z / Precip Acc 2018-05-31 19:17:00Z,9999,9999,9999,None
CCKT1,TELLICO RAWS NEAR TELLICO PLAINS,35.3814,-84.1231,0.85,PC,RG,0,Hourly 2018-05-31 17:19:00Z / Precip Acc 2018-05-31 19:19:00Z,1589244900000,2.13,39.9,HPE * 1.02=0.85
GLBN7,GLOBE,36.038333333333,-81.712222222222,0.04,PP,RR,1001,05 Min 2018-05-31 17:25:00Z / Hourly 2018-05-31 18:00:00Z,9999,9999,9999,None
STCN7,STACKROCK CREEK RAWS LINVILLE,36.07,-81.799166666667,0.08,PC,RG,0,Hourly 2018-05-31 17:28:00Z / Precip Acc 2018-05-31 19:28:00Z,9999,9999,9999,None
IGGT1,Indian Grave Gap RAWS,35.6236,-83.8083,0.14,PC,RG,0,Hourly 2018-05-31 17:31:00Z / Precip Acc 2018-05-31 19:31:00Z,1589269200000,2.01,7.0,DPR * 0.47=0.14
TOSN7,TOW STRING RAWS,35.536111111111,-83.285,0.45,PC,RG,0,Hourly 2018-05-31 17:32:00Z / Precip Acc 2018-05-31 19:32:00Z,9999,9999,9999,None
COWN7,COW MOUNTAIN RAWS,35.479444444444,-83.327222222222,0.12,PC,RG,0,Hourly 2018-05-31 17:32:00Z / Precip Acc 2018-05-31 19:32:00Z,9999,9999,9999,None
PKRN7,PECKERWOOD RIDGE NC,35.186666666667,-84.196666666667,0.56,PP,RR,5,Hourly 2018-05-31 18:00:00Z / 05 Min 2018-05-31 19:45:00Z,1595258200000,2.4,23.3,MRMS * 0.95=0.56
BFYG1,Millhaven 9ENE,32.9388888888889,-81.5027777777778,0.01,PC,RG,0,Precip Acc 2018-05-31 17:45:00Z / Precip Acc 2018-05-31 18:45:00Z,9999,9999,9999,None
RUTN7,RUTHERFORD CNTY RAWS,35.428611111111,-81.939444444444,0.13,PC,RG,0,Hourly 2018-05-31 17:46:00Z / Precip Acc 2018-05-31 19:46:00Z,9999,9999,9999,None
CTFN7,TROUT FARM,35.577777777778,-83.261388888889,0.04,PP,RR,5,Hourly 2018-05-31 18:00:00Z / 05 Min 2018-05-31 19:40:00Z,9999,9999,9999,None
BDCN7,BEAVERDAM CREEK,35.480833333333,-82.697222222222,0.04,PP,RR,5,Hourly 2018-05-31 18:00:00Z / 05 Min 2018-05-31 19:00:00Z,9999,9999,9999,None
CHKN7,ROUND BOTTOM CG RAWS NPS,35.619722222222,-83.206944444444,0.01,PC,RG,0,Hourly 2018-05-31 17:57:00Z / Precip Acc 2018-05-31 18:57:00Z,9999,9999,9999,None
SFRV2,STONY FORK USFS RAWS,37.0111111111111,-81.1786111111111,0.01,PC,RG,0,Hourly 2018-05-31 17:58:00Z / Precip Acc 2018-05-31 18:58:00Z,9999,9999,9999,None
IRBN7,ROCK BRIDGE,35.200555555556,-82.993055555556,0.04,PP,RR,5,Hourly 2018-05-31 18:00:00Z / 05 Min 2018-05-31 19:35:00Z,9999,9999,9999,None
IPAN7,PANTHERTOWN,35.167777777778,-83.039166666667,0.28,PP,RR,5,Hourly 2018-05-31 19:00:00Z / 05 Min 2018-05-31 19:55:00Z,9999,9999,9999,None
BCPN7,BAILEY CAMP,36.093333333333,-81.634444444444,0.04,PP,RR,5,Hourly 2018-05-31 19:00:00Z / 05 Min 2018-05-31 19:30:00Z,9999,9999,9999,None
SSPN7,SOUTH MTNS STATE PARK,35.5825,-81.636111111111,0.04,PP,RR,1001,05 Min 2018-05-31 18:05:00Z / Hourly 2018-05-31 19:00:00Z,9999,9999,9999,None
OTTN7,OTTO,35.057777777778,-83.385277777778,0.02,PP,RR,5,Hourly 2018-05-31 19:00:00Z / 05 Min 2018-05-31 19:50:00Z,9999,9999,9999,None
RCMN7,RICH MOUNTAIN,35.176666666667,-82.681666666667,0.12,PP,RR,5,Hourly 2018-05-31 19:00:00Z / 05 Min 2018-05-31 19:55:00Z,9999,9999,9999,None
MLRN7,MILLS RIVER,35.385555555556,-82.560833333333,0.4,PP,RR,5,Hourly 2018-05-31 19:00:00Z / 05 Min 2018-05-31 19:50:00Z,9999,9999,9999,None
WSGN7,WESSER,35.346944444444,-83.352222222222,1.42,PP,RR,1001,05 Min 2018-05-31 18:25:00Z / Hourly 2018-05-31 19:00:00Z,9999,9999,9999,None
PCHN7,PEACHTREE,35.1147222222222,-83.9013888888889,0.16,PP,RR,5,Hourly 2018-05-31 19:00:00Z / 05 Min 2018-05-31 19:55:00Z,1595291610000,2.4,6.7,HPE * 0.62=0.16
BLRN7,BLUE ROCK,35.890833333333,-82.179444444444,0.12,PP,RR,5,Hourly 2018-05-31 19:00:00Z / 05 Min 2018-05-31 19:55:00Z,9999,9999,9999,None
KNGN7,KINGS CREEK,35.983055555556,-81.413611111111,0.2,PP,RR,1001,05 Min 2018-05-31 18:35:00Z / Hourly 2018-05-31 19:00:00Z,9999,9999,9999,None
NFCN7,NEWFOUND CREEK,35.625277777778,-82.705833333333,0.04,PP,RR,5,Hourly 2018-05-31 19:00:00Z / 05 Min 2018-05-31 19:50:00Z,9999,9999,9999,None
GRFN7,GRANITE FALLS,35.872222222222,-81.370277777778,0.24,PP,RR,1001,05 Min 2018-05-31 18:55:00Z / Hourly 2018-05-31 19:00:00Z,9999,9999,9999,None
MRBN7,BEAVER CREEK,35.222222222222,-83.919722222222,1.27,PP,RR,5,Hourly 2018-05-31 19:00:00Z / 05 Min 2018-05-31 19:55:00Z,1595285400000,2.2,57.7,DHR * 1.43=1.27
IBCN7,BEAR CREEK,35.209166666667,-83.089166666667,0.12,PP,RR,5,05 Min 2018-05-31 19:10:00Z / 05 Min 2018-05-31 19:20:00Z,9999,9999,9999,None
THDN7,THORPE DAM IFLOWS,35.195277777778,-83.151111111111,0.16,PP,RR,5,05 Min 2018-05-31 19:15:00Z / 05 Min 2018-05-31 19:40:00Z,9999,9999,9999,None
IRCN7,ROBINSON CREEK,35.188333333333,-83.061944444444,0.08,PP,RR,5,05 Min 2018-05-31 19:25:00Z / 05 Min 2018-05-31 19:35:00Z,9999,9999,9999,None
IARN7,ARGURA,35.268611111111,-83.040833333333,0.04,PP,RR,5,05 Min 2018-05-31 19:30:00Z / 05 Min 2018-05-31 19:30:00Z,9999,9999,9999,None
LTYN7,LAKE TOXAWAY,35.124166666667,-82.9075,0.16,PP,RR,5,05 Min 2018-05-31 19:35:00Z / 05 Min 2018-05-31 19:45:00Z,9999,9999,9999,None
BTNN7,BEETREE RAIN,35.681944444444,-82.400833333333,0.36,PP,RR,5,05 Min 2018-05-31 19:40:00Z / 05 Min 2018-05-31 19:50:00Z,9999,9999,9999,None
PFTN7,PISGAH FOREST,35.251388888889,-82.708611111111,0.44,PP,RR,5,05 Min 2018-05-31 19:45:00Z / 05 Min 2018-05-31 19:55:00Z,9999,9999,9999,None
